{"options":{},"indexes":[{"v":2,"key":{"_id":1},"name":"_id_","ns":"superdesk.activity"},{"v":2,"key":{"_created":-1},"name":"_created_-1","ns":"superdesk.activity","background":true,"expireAfterSeconds":86400},{"v":2,"key":{"user":1,"_created":-1},"name":"user_1__created_-1","ns":"superdesk.activity","background":true},{"v":2,"key":{"item":1,"read":1,"user":1},"name":"item_1_read_1_user_1","ns":"superdesk.activity","background":true},{"v":2,"key":{"resource":1,"data.provider_id":1},"name":"resource_1_data.provider_id_1","ns":"superdesk.activity","background":true}],"uuid":"dc620bdfe562438c9908ac912b46ae2e"}