{"options":{},"indexes":[{"v":2,"key":{"_id":1},"name":"_id_","ns":"superdesk.archive"},{"v":2,"key":{"processed_from":1},"name":"processed_from_1","ns":"superdesk.archive","background":true},{"v":2,"key":{"_updated":1},"name":"_updated_1","ns":"superdesk.archive","background":true},{"v":2,"key":{"expiry":1,"state":1},"name":"expiry_1_state_1","ns":"superdesk.archive","background":true},{"v":2,"key":{"type":1},"name":"type_1","ns":"superdesk.archive","background":true},{"v":2,"key":{"groups.refs.residRef":1},"name":"groups.refs.residRef_1","ns":"superdesk.archive","background":true,"sparse":true},{"v":2,"key":{"schedule_settings.utc_publish_schedule":1,"state":1},"name":"schedule_settings.utc_publish_schedule_1_state_1","ns":"superdesk.archive","background":true},{"v":2,"key":{"unique_name":1},"name":"unique_name_1","ns":"superdesk.archive","background":true}],"uuid":"9ecb4e5bd0b341cd8a82392019169a70"}