{"options":{},"indexes":[{"v":2,"key":{"_id":1},"name":"_id_","ns":"superdesk.concept_items"},{"v":2,"key":{"name":1},"name":"name_collation","ns":"superdesk.concept_items","background":true,"collation":{"locale":"en","caseLevel":false,"caseFirst":"off","strength":1,"numericOrdering":false,"alternate":"non-ignorable","maxVariable":"punct","normalization":false,"backwards":false,"version":"57.1"}},{"v":2,"unique":true,"key":{"group_id":1,"language":1},"name":"group_id","ns":"superdesk.concept_items","background":true},{"v":2,"key":{"definition_text":1},"name":"definition_text_collation","ns":"superdesk.concept_items","background":true,"collation":{"locale":"en","caseLevel":false,"caseFirst":"off","strength":1,"numericOrdering":false,"alternate":"non-ignorable","maxVariable":"punct","normalization":false,"backwards":false,"version":"57.1"}}],"uuid":"9cb94ba9c3a048b399814f521b71184c"}