{"options":{},"indexes":[{"v":2,"key":{"_id":1},"name":"_id_","ns":"superdesk.publish_queue"},{"v":2,"key":{"_created":-1,"state":1,"destination.delivery_type":1},"name":"_created_-1_state_1_destination.delivery_type_1","ns":"superdesk.publish_queue","background":true},{"v":2,"key":{"item_id":1,"item_version":1},"name":"item_id_1_item_version_1","ns":"superdesk.publish_queue","background":true},{"v":2,"key":{"state":1,"destination.delivery_type":1},"name":"state_1_destination.delivery_type_1","ns":"superdesk.publish_queue","background":true},{"v":2,"key":{"subscriber_id":1},"name":"subscriber_id_1","ns":"superdesk.publish_queue","background":true},{"v":2,"key":{"_updated":-1},"name":"_updated_-1","ns":"superdesk.publish_queue","background":true},{"v":2,"key":{"ingest_provider":1},"name":"ingest_provider_1","ns":"superdesk.publish_queue","background":true}],"uuid":"7f76135ee03e4a41879d12389f3bae0e"}