{"options":{},"indexes":[{"v":2,"key":{"_id":1},"name":"_id_","ns":"superdesk.published"},{"v":2,"key":{"expiry":1,"_created":1,"state":1},"name":"expiry_1__created_1_state_1","ns":"superdesk.published","background":true},{"v":2,"key":{"item_id":1,"state":1},"name":"item_id_1_state_1","ns":"superdesk.published","background":true},{"v":2,"key":{"publish_sequence_no":1},"name":"publish_sequence_no_1","ns":"superdesk.published","background":true},{"v":2,"key":{"queue_state":1},"name":"queue_state_1","ns":"superdesk.published","background":true}],"uuid":"e6567717a1a34dfa9eda1644d189eb8f"}